month,actual,forecast,low,high
2017-01-01,127482.0,,,
2017-02-01,271239.0,,,
2017-03-01,414331.0,,,
2017-04-01,390812.0,,,
2017-05-01,566657.0,,,
2017-06-01,490050.0,,,
2017-07-01,566299.0,,,
2017-08-01,645832.0,,,
2017-09-01,701077.0,,,
2017-10-01,751117.0,,,
2017-11-01,1153229.0,,,
2017-12-01,843078.0,,,
2018-01-01,1077887.0,,,
2018-02-01,966168.0,,,
2018-03-01,1120598.0,,,
2018-04-01,1132879.0,,,
2018-05-01,1128775.0,,,
2018-06-01,1011449.0,,,
2018-07-01,1027287.0,,,
2018-08-01,985492.0,,,
2018-09-01,,1008076.0,918343.0,1097809.0
2018-10-01,,1008076.0,918343.0,1097809.0
2018-11-01,,1008076.0,918343.0,1097809.0
